{
    "IcoMoonType": "selection",
    "icons": [
        {
            "icon": {
                "width": 1088,
                "paths": [
                    "M1024 960v-64h-64v-384h64v-64h-192v64h64v384h-192v-384h64v-64h-192v64h64v384h-192v-384h64v-64h-192v64h64v384h-192v-384h64v-64h-192v64h64v384h-64v64h-64v64h1088v-64h-64z",
                    "M512 0h64l512 320v64h-1088v-64l512-320z"
                ],
                "tags": [
                    "library",
                    "bank",
                    "building"
                ],
                "defaultCode": 59681,
                "grid": 16,
                "attrs": []
            },
            "attrs": [],
            "properties": {
                "ligatures": "library2, bank",
                "name": "library",
                "order": 4,
                "id": 34,
                "prevSize": 32,
                "code": 59681
            },
            "setIdx": 0,
            "setId": 1,
            "iconIdx": 33
        },
        {
            "icon": {
                "paths": [
                    "M512 64c282.77 0 512 186.25 512 416 0 229.752-229.23 416-512 416-27.156 0-53.81-1.734-79.824-5.044-109.978 109.978-241.25 129.7-368.176 132.596v-26.916c68.536-33.578 128-94.74 128-164.636 0-9.754-0.758-19.33-2.164-28.696-115.796-76.264-189.836-192.754-189.836-323.304 0-229.75 229.23-416 512-416z"
                ],
                "tags": [
                    "bubble",
                    "comment",
                    "chat",
                    "talk"
                ],
                "defaultCode": 59755,
                "grid": 16,
                "attrs": []
            },
            "attrs": [],
            "properties": {
                "ligatures": "bubble, comment",
                "name": "bubble",
                "order": 7,
                "id": 108,
                "prevSize": 32,
                "code": 59755
            },
            "setIdx": 0,
            "setId": 1,
            "iconIdx": 107
        },
        {
            "icon": {
                "paths": [
                    "M576 706.612v-52.78c70.498-39.728 128-138.772 128-237.832 0-159.058 0-288-192-288s-192 128.942-192 288c0 99.060 57.502 198.104 128 237.832v52.78c-217.102 17.748-384 124.42-384 253.388h896c0-128.968-166.898-235.64-384-253.388z"
                ],
                "tags": [
                    "user",
                    "profile",
                    "avatar",
                    "person",
                    "member"
                ],
                "defaultCode": 59761,
                "grid": 16,
                "attrs": []
            },
            "attrs": [],
            "properties": {
                "ligatures": "user, profile2",
                "name": "user",
                "order": 5,
                "id": 114,
                "prevSize": 32,
                "code": 59761
            },
            "setIdx": 0,
            "setId": 1,
            "iconIdx": 113
        },
        {
            "icon": {
                "paths": [
                    "M320 192c0-106.039 85.961-192 192-192s192 85.961 192 192c0 106.039-85.961 192-192 192s-192-85.961-192-192zM768.078 448h-35.424l-199.104 404.244 74.45-372.244-96-96-96 96 74.45 372.244-199.102-404.244h-35.424c-127.924 0-127.924 85.986-127.924 192v320h768v-320c0-106.014 0-192-127.922-192z"
                ],
                "tags": [
                    "user-tie",
                    "user",
                    "user-employee",
                    "profile",
                    "avatar",
                    "person",
                    "member",
                    "job",
                    "official"
                ],
                "defaultCode": 59766,
                "grid": 16,
                "attrs": []
            },
            "attrs": [],
            "properties": {
                "ligatures": "user-tie, user5",
                "name": "user-tie",
                "order": 6,
                "id": 119,
                "prevSize": 32,
                "code": 59766
            },
            "setIdx": 0,
            "setId": 1,
            "iconIdx": 118
        },
        {
            "icon": {
                "paths": [
                    "M512 0c-278.748 0-505.458 222.762-511.848 499.974 5.92-241.864 189.832-435.974 415.848-435.974 229.75 0 416 200.576 416 448 0 53.020 42.98 96 96 96s96-42.98 96-96c0-282.77-229.23-512-512-512zM512 1024c278.748 0 505.458-222.762 511.848-499.974-5.92 241.864-189.832 435.974-415.848 435.974-229.75 0-416-200.576-416-448 0-53.020-42.98-96-96-96s-96 42.98-96 96c0 282.77 229.23 512 512 512z"
                ],
                "tags": [
                    "spinner",
                    "loading",
                    "loading-wheel",
                    "busy",
                    "wait"
                ],
                "defaultCode": 59778,
                "grid": 16,
                "attrs": []
            },
            "attrs": [],
            "properties": {
                "ligatures": "spinner9, loading10",
                "name": "spinner9",
                "order": 3,
                "id": 131,
                "prevSize": 32,
                "code": 59778
            },
            "setIdx": 0,
            "setId": 1,
            "iconIdx": 130
        },
        {
            "icon": {
                "paths": [
                    "M933.79 610.25c-53.726-93.054-21.416-212.304 72.152-266.488l-100.626-174.292c-28.75 16.854-62.176 26.518-97.846 26.518-107.536 0-194.708-87.746-194.708-195.99h-201.258c0.266 33.41-8.074 67.282-25.958 98.252-53.724 93.056-173.156 124.702-266.862 70.758l-100.624 174.292c28.97 16.472 54.050 40.588 71.886 71.478 53.638 92.908 21.512 211.92-71.708 266.224l100.626 174.292c28.65-16.696 61.916-26.254 97.4-26.254 107.196 0 194.144 87.192 194.7 194.958h201.254c-0.086-33.074 8.272-66.57 25.966-97.218 53.636-92.906 172.776-124.594 266.414-71.012l100.626-174.29c-28.78-16.466-53.692-40.498-71.434-71.228zM512 719.332c-114.508 0-207.336-92.824-207.336-207.334 0-114.508 92.826-207.334 207.336-207.334 114.508 0 207.332 92.826 207.332 207.334-0.002 114.51-92.824 207.334-207.332 207.334z"
                ],
                "tags": [
                    "cog",
                    "gear",
                    "preferences",
                    "settings",
                    "generate",
                    "control",
                    "options"
                ],
                "defaultCode": 59796,
                "grid": 16,
                "attrs": []
            },
            "attrs": [],
            "properties": {
                "ligatures": "cog, gear",
                "name": "cog",
                "order": 9,
                "id": 149,
                "prevSize": 32,
                "code": 59796
            },
            "setIdx": 0,
            "setId": 1,
            "iconIdx": 148
        },
        {
            "icon": {
                "paths": [
                    "M832 192v-128h-640v128h-192v128c0 106.038 85.958 192 192 192 20.076 0 39.43-3.086 57.62-8.802 46.174 66.008 116.608 113.796 198.38 130.396v198.406h-64c-70.694 0-128 57.306-128 128h512c0-70.694-57.306-128-128-128h-64v-198.406c81.772-16.6 152.206-64.386 198.38-130.396 18.19 5.716 37.544 8.802 57.62 8.802 106.042 0 192-85.962 192-192v-128h-192zM192 436c-63.962 0-116-52.038-116-116v-64h116v64c0 40.186 7.43 78.632 20.954 114.068-6.802 1.246-13.798 1.932-20.954 1.932zM948 320c0 63.962-52.038 116-116 116-7.156 0-14.152-0.686-20.954-1.932 13.524-35.436 20.954-73.882 20.954-114.068v-64h116v64z"
                ],
                "tags": [
                    "trophy",
                    "cup",
                    "prize",
                    "award",
                    "winner",
                    "tournament"
                ],
                "defaultCode": 59806,
                "grid": 16,
                "attrs": []
            },
            "attrs": [],
            "properties": {
                "ligatures": "trophy, cup",
                "name": "trophy",
                "order": 8,
                "id": 159,
                "prevSize": 32,
                "code": 59806
            },
            "setIdx": 0,
            "setId": 1,
            "iconIdx": 158
        }
    ],
    "height": 1024,
    "metadata": {
        "name": "icomoon"
    },
    "preferences": {
        "showGlyphs": true,
        "showQuickUse": true,
        "showQuickUse2": true,
        "showSVGs": true,
        "fontPref": {
            "prefix": "icon-",
            "metadata": {
                "fontFamily": "icomoon"
            },
            "metrics": {
                "emSize": 1024,
                "baseline": 6.25,
                "whitespace": 50
            },
            "embed": false
        },
        "imagePref": {
            "prefix": "icon-",
            "png": true,
            "useClassSelector": true,
            "color": 0,
            "bgColor": 16777215,
            "classSelector": ".icon"
        },
        "historySize": 100,
        "showCodes": true,
        "gridSize": 16
    }
}